Workbook

Sheet README
A1: ToneBridge — Solo Prototype Timeline (1 người, 4 tuần, SD712)
A3: Scope MVP 1 người: VI→KO là P0 end-to-end; KO→VI là stretch (D22, chỉ làm khi W3 đạt target). Branch B = rule-based advisory (chưa có data để train MLP).
A4: Kiến trúc: Frontend = Android Kotlin/Compose (UI, PTT). Backend = native engine C++ on-device (orchestrator, JNI) — KHÔNG có cloud backend. Edge = ONNX Runtime/sherpa-onnx CPU-first, pin thread vào big cores.
A6: Cách dùng:
A7: • Timeline: chỉ sửa cột Status (dropdown), Actual h và Notes. Ô vàng = cần điền.
A8: • Timeline!Start date (ô C2): đổi ngày bắt đầu, toàn bộ cột Date tự tính lại.
A9: • Hardware_Budget: cột Measured (ô vàng) điền số đo thật từ điện thoại; Delta và Total tự tính.
A10: • Dashboard: tự tổng hợp giờ và % Done theo tuần, không cần sửa.
A12: Quy ước màu: chữ xanh dương = số giả định/input; chữ đen = công thức; nền vàng = ô cần điền.
A13: Mọi con số budget là TARGET/ƯỚC LƯỢNG, không phải số đo. Số đo thật chỉ đến từ benchmark trên SD712.
A14: Nguồn thông số phần cứng: ảnh Geekbench 7 CPU/GPU do người dùng chụp trên máy test.

Sheet Timeline
A1: ToneBridge solo prototype — day-by-day
B2: Start date: | C2: 46302
A4: Day | B4: Week | C4: Date | D4: Layer | E4: Task | F4: Senior-dev detail (how) | G4: Done criteria | H4: SD712 constraint | I4: Est h | J4: Priority | K4: Status | L4: Actual h | M4: Notes
A5: 1 | B5: ="W"&ROUNDUP(A5/7,0) -> W1 | C5: =$C$2+A5-1 -> 46302 | D5: Edge | E5: Device baseline + NPU GO/NO-GO | F5: adb shell: getprop ro.board.platform, đọc /sys/devices/system/cpu/cpu*/cpufreq/cpuinfo_max_freq để xác định 2 big core (thường cpu6,7), dumpsys meminfo lấy RAM free thực. Chạy 1 ONNX nhỏ với ORT QNN EP (HTP) → xem node có rơi về CPU không. | G5: Bảng baseline (Android ver, big-core IDs, RAM free). Kết luận NPU GO/NO-GO có log làm bằng chứng. | H5: Hexagon 685 khả năng cao không có HTP backend → mặc định CPU-first. | I5: 4 | J5: P0 | K5: Todo
A6: 1 | B6: ="W"&ROUNDUP(A6/7,0) -> W1 | C6: =$C$2+A6-1 -> 46302 | D6: Backend | E6: Repo skeleton + contracts | F6: Monorepo: /engine (C++17, CMake, NDK), /app (Kotlin), /tools (Python export/eval/bench). Định nghĩa contract: Utterance, AsrResult, MtResult, SafetyReport, UrgencyResult, GateDecision (Pydantic ở tools, struct C++ ở engine). | G6: Repo build được; schema JSON contract commit. | H6: — | I6: 4 | J6: P0 | K6: Todo
A7: 2 | B7: ="W"&ROUNDUP(A7/7,0) -> W1 | C7: =$C$2+A7-1 -> 46303 | D7: ML | E7: ASR VI streaming (laptop) | F7: sherpa-onnx streaming Zipformer VI INT8. Chunk 320 ms. Tự thu 50 câu y tế ngắn làm eval set. Đo RTF với num_threads=2 để mô phỏng 2 big core. | G7: CER trên 50 câu + RTF + size model ghi vào Hardware_Budget. | H7: Chỉ 2 big core → RTF laptop phải ≤0.1 thì trên máy mới có cửa. | I7: 5 | J7: P0 | K7: Todo
A8: 2 | B8: ="W"&ROUNDUP(A8/7,0) -> W1 | C8: =$C$2+A8-1 -> 46303 | D8: ML | E8: ASR KO (laptop, cho stretch) | F8: Tải + chạy Zipformer KO INT8 tương tự. Chưa tối ưu. | G8: Chạy được 10 câu. | H8: — | I8: 2 | J8: P2 | K8: Todo
A9: 3 | B9: ="W"&ROUNDUP(A9/7,0) -> W1 | C9: =$C$2+A9-1 -> 46304 | D9: ML | E9: NMT VI→EN→KO pivot (laptop) | F9: Day đầu: verify model opus-mt vi-en và en-ko tồn tại + chất lượng. Export ONNX bằng optimum (encoder + decoder_with_past), quantize dynamic INT8. Greedy, max_len 64. SentencePiece tokenizer. | G9: Latency 2 lần decode trên laptop; dịch đúng 30 câu test. | H9: Pivot = 2× decode trên 2 big core → rủi ro latency #1. | I9: 6 | J9: P0 | K9: Todo
A10: 3 | B10: ="W"&ROUNDUP(A10/7,0) -> W1 | C10: =$C$2+A10-1 -> 46304 | D10: ML | E10: Glossary constrained decoding v0 | F10: Glossary y tế ~100 cặp. v0: pre/post-processing placeholder (mask term → dịch → thay lại) thay vì sửa beam search. | G10: Term trong glossary giữ đúng 100% trên test. | H10: Không tốn compute thêm trên device. | I10: 3 | J10: P1 | K10: Todo
A11: 4 | B11: ="W"&ROUNDUP(A11/7,0) -> W1 | C11: =$C$2+A11-1 -> 46305 | D11: ML | E11: TTS KO (laptop) | F11: Thử MeloTTS-KO → ONNX. Nếu export khó/nặng: fallback voice KO dạng VITS/Piper mà sherpa-onnx chạy được. Ghi license + version pin từng voice. | G11: 1 voice KO chạy offline, có RTF, size, license. | H11: RAM và CPU yếu → ưu tiên voice nhỏ (<100 MB). | I11: 6 | J11: P0 | K11: Todo
A12: 4 | B12: ="W"&ROUNDUP(A12/7,0) -> W1 | C12: =$C$2+A12-1 -> 46305 | D12: Docs | E12: License table | F12: Bảng: model, nguồn, license, version/hash. Flag mọi thứ NC/GPL. | G12: Bảng commit trong repo. | H12: — | I12: 1 | J12: P1 | K12: Todo
A13: 5 | B13: ="W"&ROUNDUP(A13/7,0) -> W1 | C13: =$C$2+A13-1 -> 46306 | D13: Backend | E13: Reference pipeline Python | F13: Orchestrator: WAV → WebRTC APM (toggle) → Silero VAD → fan-out (Branch A denoised / Branch B raw cùng timestamp) → ASR → NMT → Safety v0 → Gate FSM → TTS. | G13: Chạy 1 lệnh từ wav ra wav tiếng Hàn + JSON GateDecision. | H13: Dùng đúng file ONNX sẽ đưa lên máy. | I13: 8 | J13: P0 | K13: Todo
A14: 5 | B14: ="W"&ROUNDUP(A14/7,0) -> W1 | C14: =$C$2+A14-1 -> 46306 | D14: Backend | E14: Safety check v0 + Gate FSM | F14: Rule: negation (không/chưa/안/못), số + đơn vị liều (regex mg/ml/viên), lexicon thuốc/dị ứng. Gate 5 state: SPEAK / SPEAK+CUE / REPEAT / CONFIRM / ABSTAIN. | G14: Bắt được lỗi cài sẵn: mất negation, sai số liều. | H14: Rule-based → ~0 ms trên little core. | I14: 3 | J14: P0 | K14: Todo
A15: 6 | B15: ="W"&ROUNDUP(A15/7,0) -> W1 | C15: =$C$2+A15-1 -> 46307 | D15: ML | E15: Branch B rule-based | F15: F0 bằng pyworld-Harvest hoặc SwiftF0 + energy, speech rate, jitter (subset ~12 feature eGeMAPS bằng numpy, không openSMILE). Urgency = z-score so baseline người nói; voicing kém → UNKNOWN. | G15: Ra urgency {LOW,HIGH,UNKNOWN} trên 20 câu tự thu (bình thường vs gấp). | H15: Chạy trên little core, song song Branch A. | I15: 6 | J15: P1 | K15: Todo
A16: 6 | B16: ="W"&ROUNDUP(A16/7,0) -> W1 | C16: =$C$2+A16-1 -> 46307 | D16: Eval | E16: Eval set + noise mixer | F16: 50 câu y tế VI (tự đọc), script trộn noise ICU-like ở clean/10/5/0 dB, seed cố định. | G16: Bộ eval tái lập được bằng 1 lệnh. | H16: — | I16: 3 | J16: P0 | K16: Todo
... A40: 28 | B40: ="W"&ROUNDUP(A40/7,0) -> W4 | C40: =$C$2+A40-1 -> 46329 | D40: Docs | E40: Rehearsal + Q&A + submit | F40: Tập ≥3 lần. Chuẩn bị câu hỏi: vì sao không NPU, vì sao pivot, urgency có phải chẩn đoán không. | G40: Nộp bài. | H40: — | I40: 6 | J40: P0 | K40: Todo
H41: Total est h | I41: =SUM(I5:I40) -> 234 | L41: =SUM(L5:L40) -> 0

Sheet Hardware_Budget
A1: SD712 test device — spec, latency budget, memory budget
A3: Item | B3: Value (source: user's Geekbench 7 screenshots)
A4: SoC | B4: Qualcomm Snapdragon 712
A5: CPU topology | B5: 8 cores: 2× @ 2.30 GHz (big) + 6× @ 1.71 GHz (little)
A6: ISA | B6: NEON, AES, SHA1/2, NEON-FP16
A7: RAM total | B7: 3.53 GB
A8: GPU | B8: Adreno, OpenCL 2.0, driver 01/05/2021, 1 CU reported
A9: Geekbench 7 CPU | B9: Single 462 / Multi 1441
A10: Geekbench 7 GPU (OpenCL) | B10: 719
A11: NPU | B11: Hexagon 685 — ORT-QNN HTP support chưa xác nhận (verify D1)
A12: Quyết định | B12: CPU-first INT8; GPU không dùng cho inference; NPU = bonus nếu D1 GO
A14: Latency budget sau speech endpoint (TARGET, chưa đo)
A15: Stage | B15: Core | C15: Budget ms | D15: Measured p50 ms | E15: Delta ms
A16: ASR finalize | B16: big ×2 | C16: 250 | E16: =IF(D16="","",D16-C16)
A17: NMT VI→EN | B17: big ×2 | C17: 350 | E17: =IF(D17="","",D17-C17)
A18: NMT EN→KO | B18: big ×2 | C18: 350 | E18: =IF(D18="","",D18-C18)
A19: Safety + Gate | B19: little | C19: 30 | E19: =IF(D19="","",D19-C19)
A20: TTS first audio | B20: big ×2 | C20: 450 | E20: =IF(D20="","",D20-C20)
A21: Total end-to-end | C21: =SUM(C16:C20) -> 1430 | D21: =IF(COUNT(D16:D20)=0,"",SUM(D16:D20))
A22: Target p50 (proposal) | C22: 1500
A23: Budget còn dư ms | C23: =C22-C21 -> 70
A25: Memory budget PSS (ƯỚC LƯỢNG, chưa đo)
A26: Component | C26: Budget MB | D26: Measured MB | E26: Delta MB
A27: App + ORT runtime + Compose | C27: 180 | E27: =IF(D27="","",D27-C27)
A28: Zipformer VI INT8 | C28: 120 | E28: =IF(D28="","",D28-C28)
A29: Opus-MT VI→EN INT8 | C29: 110 | E29: =IF(D29="","",D29-C29)
A30: Opus-MT EN→KO INT8 | C30: 110 | E30: =IF(D30="","",D30-C30)
A31: TTS KO voice | C31: 150 | E31: =IF(D31="","",D31-C31)
A32: Audio buffers + Branch B + VAD | C32: 40 | E32: =IF(D32="","",D32-C32)
A33: Total | C33: =SUM(C27:C32) -> 710 | D33: =IF(COUNT(D27:D32)=0,"",SUM(D27:D32))
A34: Cap PSS (giả định: Android + nền chiếm ~2 GB của 3.53 GB) | C34: 1000
A35: Headroom MB | C35: =C34-C33 -> 290

Sheet Dashboard
A1: Progress theo tuần
A3: Week | B3: Mục tiêu | C3: Tasks | D3: Done | E3: % Done | F3: Est h | G3: Actual h | H3: Blocked
A4: W1 | B4: Prototype cơ bản E2E trên laptop (ONNX INT8) | C4: =COUNTIF(Timeline!$B$5:$B$40,A4) -> 13 | D4: =COUNTIFS(Timeline!$B$5:$B$40,A4,Timeline!$K$5:$K$40,"Done") -> 0 | E4: =IF(C4=0,0,D4/C4) -> 0 | F4: =SUMIF(Timeline!$B$5:$B$40,A4,Timeline!$I$5:$I$40) -> 59 | G4: =SUMIF(Timeline!$B$5:$B$40,A4,Timeline!$L$5:$L$40) -> 0 | H4: =COUNTIFS(Timeline!$B$5:$B$40,A4,Timeline!$K$5:$K$40,"Blocked") -> 0
A5: W2 | B5: Chạy offline E2E trên SD712 | C5: =COUNTIF(Timeline!$B$5:$B$40,A5) -> 9 | D5: =COUNTIFS(Timeline!$B$5:$B$40,A5,Timeline!$K$5:$K$40,"Done") -> 0 | E5: =IF(C5=0,0,D5/C5) -> 0 | F5: =SUMIF(Timeline!$B$5:$B$40,A5,Timeline!$I$5:$I$40) -> 63 | G5: =SUMIF(Timeline!$B$5:$B$40,A5,Timeline!$L$5:$L$40) -> 0 | H5: =COUNTIFS(Timeline!$B$5:$B$40,A5,Timeline!$K$5:$K$40,"Blocked") -> 0
A6: W3 | B6: Tối ưu + đo + ablation | C6: =COUNTIF(Timeline!$B$5:$B$40,A6) -> 7 | D6: =COUNTIFS(Timeline!$B$5:$B$40,A6,Timeline!$K$5:$K$40,"Done") -> 0 | E6: =IF(C6=0,0,D6/C6) -> 0 | F6: =SUMIF(Timeline!$B$5:$B$40,A6,Timeline!$I$5:$I$40) -> 54 | G6: =SUMIF(Timeline!$B$5:$B$40,A6,Timeline!$L$5:$L$40) -> 0 | H6: =COUNTIFS(Timeline!$B$5:$B$40,A6,Timeline!$K$5:$K$40,"Blocked") -> 0
A7: W4 | B7: Chốt số + report + slides + pitch | C7: =COUNTIF(Timeline!$B$5:$B$40,A7) -> 7 | D7: =COUNTIFS(Timeline!$B$5:$B$40,A7,Timeline!$K$5:$K$40,"Done") -> 0 | E7: =IF(C7=0,0,D7/C7) -> 0 | F7: =SUMIF(Timeline!$B$5:$B$40,A7,Timeline!$I$5:$I$40) -> 58 | G7: =SUMIF(Timeline!$B$5:$B$40,A7,Timeline!$L$5:$L$40) -> 0 | H7: =COUNTIFS(Timeline!$B$5:$B$40,A7,Timeline!$K$5:$K$40,"Blocked") -> 0
A8: Total | C8: =SUM(C4:C7) -> 36 | D8: =SUM(D4:D7) -> 0 | E8: =IF(C8=0,0,D8/C8) -> 0 | F8: =SUM(F4:F7) -> 234 | G8: =SUM(G4:G7) -> 0 | H8: =SUM(H4:H7) -> 0

Sheet Risks
A1: Risk | B1: Trigger | C1: Fallback | D1: Check by
A2: Hexagon 685 không chạy được ORT-QNN HTP | B2: D1 probe: node rơi về CPU / init fail | C2: CPU-first XNNPACK/default EP; ghi rõ trong report | D2: D1
A3: Pivot NMT quá chậm | B3: NMT >700 ms trên máy | C3: max_len 48, greedy, cắt câu; cân nhắc model direct VI→KO | D3: D11
A4: Không có opus-mt en-ko phù hợp | B4: D3 verify thất bại | C4: Model đa ngữ nhỏ có license thương mại; ghi thay đổi ADR | D4: D3
A5: TTS KO quá nặng | B5: Size >150 MB hoặc first audio >450 ms | C5: Voice nhỏ hơn; hiện text trước, audio sau | D5: D12
A6: RAM / LMK kill app | B6: PSS >1.0 GB hoặc app bị kill | C6: Lazy load theo direction, release session | D6: D18
A7: Thermal throttling | B7: Latency tăng >20% sau 10 phút | C7: Giảm threads, warm-up ngắn, nghỉ giữa lượt demo | D7: D18
A8: Branch B không đáng tin | B8: Không phân biệt được bình thường/gấp trên data tự thu | C8: Gate trả UNKNOWN mạnh hơn; trình bày là experimental | D8: D20
A9: 1 người quá tải | B9: Tuần nào % Done <70% cuối tuần | C9: Cắt P1/P2 trước, giữ P0 | D9: Mỗi CN
